,return,correct,predictions,home,away,seed,depth,weights,gamma,subsample,colsample
0,-308.59999999999974,506,1107,509,598,0,10,2,0,0.25,0.25
1,180.60000000000008,522,1119,559,560,0,20,2,0,0.25,0.25
2,-224.99999999999994,539,1125,576,549,0,30,2,0,0.25,0.25
3,-224.99999999999994,539,1125,576,549,0,40,2,0,0.25,0.25
4,-224.99999999999994,539,1125,576,549,0,50,2,0,0.25,0.25
5,-176.6999999999999,511,1102,530,572,0,10,4,0,0.25,0.25
6,-169.89999999999998,487,1099,521,578,0,20,4,0,0.25,0.25
7,-169.89999999999998,487,1099,521,578,0,30,4,0,0.25,0.25
8,-169.89999999999998,487,1099,521,578,0,40,4,0,0.25,0.25
9,-169.89999999999998,487,1099,521,578,0,50,4,0,0.25,0.25
10,-10.800000000000423,511,1113,514,599,0,10,6,0,0.25,0.25
11,-589.4999999999998,484,1095,556,539,0,20,6,0,0.25,0.25
12,-589.4999999999998,484,1095,556,539,0,30,6,0,0.25,0.25
13,-589.4999999999998,484,1095,556,539,0,40,6,0,0.25,0.25
14,-589.4999999999998,484,1095,556,539,0,50,6,0,0.25,0.25
15,-17.89999999999978,512,1131,535,596,0,10,2,1,0.25,0.25
16,-364.0999999999996,506,1122,570,552,0,20,2,1,0.25,0.25
17,-559.1999999999999,493,1131,532,599,0,30,2,1,0.25,0.25
18,-559.1999999999999,493,1131,532,599,0,40,2,1,0.25,0.25
19,-559.1999999999999,493,1131,532,599,0,50,2,1,0.25,0.25
20,-180.7000000000001,471,1094,495,599,0,10,4,1,0.25,0.25
21,-30.20000000000008,520,1122,581,541,0,20,4,1,0.25,0.25
22,-571.0999999999995,511,1119,568,551,0,30,4,1,0.25,0.25
23,-571.0999999999995,511,1119,568,551,0,40,4,1,0.25,0.25
24,-571.0999999999995,511,1119,568,551,0,50,4,1,0.25,0.25
25,-102.00000000000013,485,1100,475,625,0,10,6,1,0.25,0.25
26,-113.80000000000025,505,1111,515,596,0,20,6,1,0.25,0.25
27,-113.80000000000025,505,1111,515,596,0,30,6,1,0.25,0.25
28,-113.80000000000025,505,1111,515,596,0,40,6,1,0.25,0.25
29,-113.80000000000025,505,1111,515,596,0,50,6,1,0.25,0.25
30,-307.5000000000005,505,1124,569,555,0,10,2,2,0.25,0.25
31,169.19999999999965,521,1124,544,580,0,20,2,2,0.25,0.25
32,-610.9,485,1118,541,577,0,30,2,2,0.25,0.25
33,-610.9,485,1118,541,577,0,40,2,2,0.25,0.25
34,-610.9,485,1118,541,577,0,50,2,2,0.25,0.25
35,-481.89999999999947,479,1089,496,593,0,10,4,2,0.25,0.25
36,-331.8999999999995,505,1108,533,575,0,20,4,2,0.25,0.25
37,-194.69999999999985,508,1128,529,599,0,30,4,2,0.25,0.25
38,-194.69999999999985,508,1128,529,599,0,40,4,2,0.25,0.25
39,-194.69999999999985,508,1128,529,599,0,50,4,2,0.25,0.25
40,-272.20000000000005,474,1113,487,626,0,10,6,2,0.25,0.25
41,-192.2,495,1111,496,615,0,20,6,2,0.25,0.25
42,-192.2,495,1111,496,615,0,30,6,2,0.25,0.25
43,-192.2,495,1111,496,615,0,40,6,2,0.25,0.25
44,-192.2,495,1111,496,615,0,50,6,2,0.25,0.25
45,169.79999999999987,517,1106,542,564,0,10,2,3,0.25,0.25
46,-389.4999999999999,495,1110,512,598,0,20,2,3,0.25,0.25
47,-85.69999999999975,511,1105,568,537,0,30,2,3,0.25,0.25
48,-85.69999999999975,511,1105,568,537,0,40,2,3,0.25,0.25
49,-85.69999999999975,511,1105,568,537,0,50,2,3,0.25,0.25
50,-352.4999999999995,481,1110,487,623,0,10,4,3,0.25,0.25
51,-516.8999999999996,490,1114,509,605,0,20,4,3,0.25,0.25
52,-516.8999999999996,490,1114,509,605,0,30,4,3,0.25,0.25
53,-516.8999999999996,490,1114,509,605,0,40,4,3,0.25,0.25
54,-516.8999999999996,490,1114,509,605,0,50,4,3,0.25,0.25
55,249.59999999999985,480,1077,536,541,0,10,6,3,0.25,0.25
56,-369.0999999999999,491,1100,542,558,0,20,6,3,0.25,0.25
57,-369.0999999999999,491,1100,542,558,0,30,6,3,0.25,0.25
58,-369.0999999999999,491,1100,542,558,0,40,6,3,0.25,0.25
59,-369.0999999999999,491,1100,542,558,0,50,6,3,0.25,0.25
60,122.40000000000015,547,1120,531,589,0,10,2,0,0.5,0.25
61,225.00000000000023,534,1108,538,570,0,20,2,0,0.5,0.25
62,-147.09999999999977,522,1104,578,526,0,30,2,0,0.5,0.25
63,-147.09999999999977,522,1104,578,526,0,40,2,0,0.5,0.25
64,-147.09999999999977,522,1104,578,526,0,50,2,0,0.5,0.25
65,-23.60000000000025,518,1092,521,571,0,10,4,0,0.5,0.25
66,-178.29999999999936,522,1121,561,560,0,20,4,0,0.5,0.25
67,116.10000000000016,518,1104,521,583,0,30,4,0,0.5,0.25
68,116.10000000000016,518,1104,521,583,0,40,4,0,0.5,0.25
69,116.10000000000016,518,1104,521,583,0,50,4,0,0.5,0.25
70,64.89999999999971,519,1100,512,588,0,10,6,0,0.5,0.25
71,-61.69999999999986,499,1110,515,595,0,20,6,0,0.5,0.25
72,-171.0000000000002,501,1109,550,559,0,30,6,0,0.5,0.25
73,-171.0000000000002,501,1109,550,559,0,40,6,0,0.5,0.25
74,-171.0000000000002,501,1109,550,559,0,50,6,0,0.5,0.25
75,-47.700000000000145,529,1125,524,601,0,10,2,1,0.5,0.25
76,90.69999999999985,544,1109,553,556,0,20,2,1,0.5,0.25
77,403.29999999999944,537,1102,548,554,0,30,2,1,0.5,0.25
78,324.5999999999997,545,1109,567,542,0,40,2,1,0.5,0.25
79,324.5999999999997,545,1109,567,542,0,50,2,1,0.5,0.25
80,385.6999999999998,523,1121,536,585,0,10,4,1,0.5,0.25
81,112.30000000000035,529,1124,523,601,0,20,4,1,0.5,0.25
82,-24.299999999999784,528,1116,545,571,0,30,4,1,0.5,0.25
83,-24.299999999999784,528,1116,545,571,0,40,4,1,0.5,0.25
84,-24.299999999999784,528,1116,545,571,0,50,4,1,0.5,0.25
85,-420.299999999999,492,1117,492,625,0,10,6,1,0.5,0.25
86,-109.50000000000045,516,1102,537,565,0,20,6,1,0.5,0.25
87,58.700000000000315,525,1115,539,576,0,30,6,1,0.5,0.25
88,58.700000000000315,525,1115,539,576,0,40,6,1,0.5,0.25
89,58.700000000000315,525,1115,539,576,0,50,6,1,0.5,0.25
90,-73.10000000000008,505,1114,522,592,0,10,2,2,0.5,0.25
91,158.19999999999996,523,1112,543,569,0,20,2,2,0.5,0.25
92,-431.2999999999996,523,1131,538,593,0,30,2,2,0.5,0.25
93,-431.2999999999996,523,1131,538,593,0,40,2,2,0.5,0.25
94,-431.2999999999996,523,1131,538,593,0,50,2,2,0.5,0.25
95,231.09999999999994,523,1104,502,602,0,10,4,2,0.5,0.25
96,-506.4999999999993,493,1106,508,598,0,20,4,2,0.5,0.25
97,-145.4999999999994,492,1095,521,574,0,30,4,2,0.5,0.25
98,-304.49999999999955,486,1087,514,573,0,40,4,2,0.5,0.25
99,-304.49999999999955,486,1087,514,573,0,50,4,2,0.5,0.25
100,-382.6999999999999,487,1116,510,606,0,10,6,2,0.5,0.25
101,-193.90000000000038,497,1088,559,529,0,20,6,2,0.5,0.25
102,-251.99999999999966,508,1115,562,553,0,30,6,2,0.5,0.25
103,-251.99999999999966,508,1115,562,553,0,40,6,2,0.5,0.25
104,-251.99999999999966,508,1115,562,553,0,50,6,2,0.5,0.25
105,272.1000000000001,514,1103,490,613,0,10,2,3,0.5,0.25
106,-263.4999999999999,492,1111,478,633,0,20,2,3,0.5,0.25
107,66.90000000000019,506,1126,493,633,0,30,2,3,0.5,0.25
108,421.8000000000001,506,1104,464,640,0,40,2,3,0.5,0.25
109,421.8000000000001,506,1104,464,640,0,50,2,3,0.5,0.25
110,-48.399999999999785,507,1101,491,610,0,10,4,3,0.5,0.25
111,-270.1999999999996,503,1093,525,568,0,20,4,3,0.5,0.25
112,150.09999999999988,507,1107,510,597,0,30,4,3,0.5,0.25
113,150.09999999999988,507,1107,510,597,0,40,4,3,0.5,0.25
114,150.09999999999988,507,1107,510,597,0,50,4,3,0.5,0.25
115,-393.69999999999897,478,1090,475,615,0,10,6,3,0.5,0.25
116,-82.4999999999996,507,1103,534,569,0,20,6,3,0.5,0.25
117,-269.69999999999993,481,1093,504,589,0,30,6,3,0.5,0.25
118,-269.69999999999993,481,1093,504,589,0,40,6,3,0.5,0.25
119,-269.69999999999993,481,1093,504,589,0,50,6,3,0.5,0.25
120,-18.299999999999876,524,1119,519,600,0,10,2,0,0.75,0.25
121,-193.59999999999985,548,1110,583,527,0,20,2,0,0.75,0.25
122,-190.40000000000015,555,1119,601,518,0,30,2,0,0.75,0.25
123,-243.10000000000022,564,1133,633,500,0,40,2,0,0.75,0.25
124,-613.3,541,1130,613,517,0,50,2,0,0.75,0.25
125,-358.3999999999998,503,1101,498,603,0,10,4,0,0.75,0.25
126,-698.9999999999992,485,1110,483,627,0,20,4,0,0.75,0.25
127,-286.6999999999999,532,1121,545,576,0,30,4,0,0.75,0.25
128,-331.4999999999993,522,1104,538,566,0,40,4,0,0.75,0.25
129,-331.4999999999993,522,1104,538,566,0,50,4,0,0.75,0.25
130,-167.1999999999995,501,1107,489,618,0,10,6,0,0.75,0.25
131,-5.699999999999774,535,1114,541,573,0,20,6,0,0.75,0.25
132,-112.19999999999962,515,1115,527,588,0,30,6,0,0.75,0.25
133,-16.29999999999955,521,1117,518,599,0,40,6,0,0.75,0.25
134,-16.29999999999955,521,1117,518,599,0,50,6,0,0.75,0.25
135,-158.79999999999978,522,1111,514,597,0,10,2,1,0.75,0.25
136,-233.39999999999904,530,1116,556,560,0,20,2,1,0.75,0.25
137,-134.29999999999967,546,1097,561,536,0,30,2,1,0.75,0.25
138,-544.1000000000001,539,1122,587,535,0,40,2,1,0.75,0.25
139,-634.3999999999999,530,1119,569,550,0,50,2,1,0.75,0.25
140,-436.3999999999992,514,1126,552,574,0,10,4,1,0.75,0.25
141,-494.29999999999967,508,1103,574,529,0,20,4,1,0.75,0.25
142,-694.7999999999989,500,1113,500,613,0,30,4,1,0.75,0.25
143,-706.899999999999,506,1119,502,617,0,40,4,1,0.75,0.25
144,-706.899999999999,506,1119,502,617,0,50,4,1,0.75,0.25
145,-176.99999999999997,497,1105,496,609,0,10,6,1,0.75,0.25
146,-102.90000000000019,513,1110,523,587,0,20,6,1,0.75,0.25
147,158.6999999999997,522,1102,531,571,0,30,6,1,0.75,0.25
148,-203.29999999999993,499,1091,505,586,0,40,6,1,0.75,0.25
149,-203.29999999999993,499,1091,505,586,0,50,6,1,0.75,0.25
150,-156.49999999999932,508,1112,504,608,0,10,2,2,0.75,0.25
151,-332.8999999999997,517,1122,567,555,0,20,2,2,0.75,0.25
152,-780.5999999999991,508,1126,585,541,0,30,2,2,0.75,0.25
153,-480.3999999999996,510,1108,573,535,0,40,2,2,0.75,0.25
154,-480.3999999999996,510,1108,573,535,0,50,2,2,0.75,0.25
155,-543.0,495,1080,497,583,0,10,4,2,0.75,0.25
156,-548.6999999999992,503,1121,536,585,0,20,4,2,0.75,0.25
157,-282.2999999999996,503,1091,536,555,0,30,4,2,0.75,0.25
158,-558.8999999999985,506,1105,525,580,0,40,4,2,0.75,0.25
159,-558.8999999999985,506,1105,525,580,0,50,4,2,0.75,0.25
160,-87.19999999999953,506,1103,510,593,0,10,6,2,0.75,0.25
161,153.50000000000017,519,1102,510,592,0,20,6,2,0.75,0.25
162,162.59999999999954,527,1112,524,588,0,30,6,2,0.75,0.25
163,162.59999999999954,527,1112,524,588,0,40,6,2,0.75,0.25
164,162.59999999999954,527,1112,524,588,0,50,6,2,0.75,0.25
165,-210.6999999999993,498,1110,523,587,0,10,2,3,0.75,0.25
166,-415.0999999999994,509,1106,538,568,0,20,2,3,0.75,0.25
167,-440.4999999999997,497,1122,534,588,0,30,2,3,0.75,0.25
168,-424.5999999999997,506,1140,540,600,0,40,2,3,0.75,0.25
169,-424.5999999999997,506,1140,540,600,0,50,2,3,0.75,0.25
170,-357.6999999999993,484,1091,493,598,0,10,4,3,0.75,0.25
171,-582.5999999999997,490,1101,560,541,0,20,4,3,0.75,0.25
172,-204.69999999999942,497,1094,533,561,0,30,4,3,0.75,0.25
173,-295.5999999999992,501,1100,539,561,0,40,4,3,0.75,0.25
174,-295.5999999999992,501,1100,539,561,0,50,4,3,0.75,0.25
175,-37.49999999999941,494,1091,512,579,0,10,6,3,0.75,0.25
176,-357.8999999999989,500,1116,509,607,0,20,6,3,0.75,0.25
177,-334.6,499,1119,476,643,0,30,6,3,0.75,0.25
178,-334.6,499,1119,476,643,0,40,6,3,0.75,0.25
179,-334.6,499,1119,476,643,0,50,6,3,0.75,0.25
180,-150.2000000000001,524,1131,571,560,0,10,2,0,0.25,0.5
181,-655.6999999999996,523,1122,524,598,0,20,2,0,0.25,0.5
182,-111.00000000000027,534,1115,544,571,0,30,2,0,0.25,0.5
183,-111.00000000000027,534,1115,544,571,0,40,2,0,0.25,0.5
184,-111.00000000000027,534,1115,544,571,0,50,2,0,0.25,0.5
185,-293.29999999999967,504,1097,530,567,0,10,4,0,0.25,0.5
186,-332.9000000000002,508,1116,523,593,0,20,4,0,0.25,0.5
187,-332.9000000000002,508,1116,523,593,0,30,4,0,0.25,0.5
188,-332.9000000000002,508,1116,523,593,0,40,4,0,0.25,0.5
189,-332.9000000000002,508,1116,523,593,0,50,4,0,0.25,0.5
190,275.89999999999947,513,1124,502,622,0,10,6,0,0.25,0.5
191,-53.599999999999696,511,1104,479,625,0,20,6,0,0.25,0.5
192,-53.599999999999696,511,1104,479,625,0,30,6,0,0.25,0.5
193,-53.599999999999696,511,1104,479,625,0,40,6,0,0.25,0.5
194,-53.599999999999696,511,1104,479,625,0,50,6,0,0.25,0.5
195,-513.6000000000004,493,1128,533,595,0,10,2,1,0.25,0.5
196,-538.3999999999995,505,1115,521,594,0,20,2,1,0.25,0.5
197,-575.4000000000001,498,1132,519,613,0,30,2,1,0.25,0.5
198,-575.4000000000001,498,1132,519,613,0,40,2,1,0.25,0.5
199,-575.4000000000001,498,1132,519,613,0,50,2,1,0.25,0.5
200,-629.5000000000002,491,1122,513,609,0,10,4,1,0.25,0.5
201,-406.4999999999999,522,1125,553,572,0,20,4,1,0.25,0.5
202,-406.4999999999999,522,1125,553,572,0,30,4,1,0.25,0.5
203,-406.4999999999999,522,1125,553,572,0,40,4,1,0.25,0.5
204,-406.4999999999999,522,1125,553,572,0,50,4,1,0.25,0.5
205,-295.3999999999997,491,1116,508,608,0,10,6,1,0.25,0.5
206,218.49999999999986,546,1151,544,607,0,20,6,1,0.25,0.5
207,218.49999999999986,546,1151,544,607,0,30,6,1,0.25,0.5
208,218.49999999999986,546,1151,544,607,0,40,6,1,0.25,0.5
209,218.49999999999986,546,1151,544,607,0,50,6,1,0.25,0.5
210,-117.79999999999964,535,1129,504,625,0,10,2,2,0.25,0.5
211,-38.70000000000014,544,1119,538,581,0,20,2,2,0.25,0.5
212,-490.30000000000024,519,1127,548,579,0,30,2,2,0.25,0.5
213,-490.30000000000024,519,1127,548,579,0,40,2,2,0.25,0.5
214,-490.30000000000024,519,1127,548,579,0,50,2,2,0.25,0.5
215,-689.0000000000002,492,1111,512,599,0,10,4,2,0.25,0.5
216,-156.80000000000035,530,1140,531,609,0,20,4,2,0.25,0.5
217,-156.80000000000035,530,1140,531,609,0,30,4,2,0.25,0.5
218,-156.80000000000035,530,1140,531,609,0,40,4,2,0.25,0.5
219,-156.80000000000035,530,1140,531,609,0,50,4,2,0.25,0.5
220,-129.5000000000005,489,1122,504,618,0,10,6,2,0.25,0.5
221,-516.9999999999998,487,1121,488,633,0,20,6,2,0.25,0.5
222,-516.9999999999998,487,1121,488,633,0,30,6,2,0.25,0.5
223,-516.9999999999998,487,1121,488,633,0,40,6,2,0.25,0.5
224,-516.9999999999998,487,1121,488,633,0,50,6,2,0.25,0.5
225,-651.9,496,1126,459,667,0,10,2,3,0.25,0.5
226,-214.6000000000002,526,1129,570,559,0,20,2,3,0.25,0.5
227,-382.20000000000044,503,1134,509,625,0,30,2,3,0.25,0.5
228,-382.20000000000044,503,1134,509,625,0,40,2,3,0.25,0.5
229,-382.20000000000044,503,1134,509,625,0,50,2,3,0.25,0.5
230,-383.79999999999905,493,1110,503,607,0,10,4,3,0.25,0.5
231,-710.5,496,1108,546,562,0,20,4,3,0.25,0.5
232,-710.5,496,1108,546,562,0,30,4,3,0.25,0.5
233,-710.5,496,1108,546,562,0,40,4,3,0.25,0.5
234,-710.5,496,1108,546,562,0,50,4,3,0.25,0.5
235,-495.2999999999995,470,1102,466,636,0,10,6,3,0.25,0.5
236,-622.1000000000005,468,1105,493,612,0,20,6,3,0.25,0.5
237,-622.1000000000005,468,1105,493,612,0,30,6,3,0.25,0.5
238,-622.1000000000005,468,1105,493,612,0,40,6,3,0.25,0.5
239,-622.1000000000005,468,1105,493,612,0,50,6,3,0.25,0.5
240,-566.1999999999996,504,1112,526,586,0,10,2,0,0.5,0.5
241,40.000000000000114,566,1114,576,538,0,20,2,0,0.5,0.5
242,-362.6000000000001,538,1132,560,572,0,30,2,0,0.5,0.5
243,-362.6000000000001,538,1132,560,572,0,40,2,0,0.5,0.5
244,-362.6000000000001,538,1132,560,572,0,50,2,0,0.5,0.5
245,-362.7999999999995,507,1109,514,595,0,10,4,0,0.5,0.5
246,259.7999999999999,546,1124,554,570,0,20,4,0,0.5,0.5
247,-8.40000000000024,544,1133,531,602,0,30,4,0,0.5,0.5
248,-8.40000000000024,544,1133,531,602,0,40,4,0,0.5,0.5
249,-8.40000000000024,544,1133,531,602,0,50,4,0,0.5,0.5
250,-277.3999999999997,516,1121,524,597,0,10,6,0,0.5,0.5
251,8.700000000000045,528,1119,552,567,0,20,6,0,0.5,0.5
252,26.799999999999983,530,1125,573,552,0,30,6,0,0.5,0.5
253,26.799999999999983,530,1125,573,552,0,40,6,0,0.5,0.5
254,26.799999999999983,530,1125,573,552,0,50,6,0,0.5,0.5
255,-262.4999999999999,532,1133,535,598,0,10,2,1,0.5,0.5
256,-78.2999999999999,553,1124,599,525,0,20,2,1,0.5,0.5
257,102.70000000000016,575,1136,600,536,0,30,2,1,0.5,0.5
258,102.70000000000016,575,1136,600,536,0,40,2,1,0.5,0.5
259,102.70000000000016,575,1136,600,536,0,50,2,1,0.5,0.5
260,241.79999999999993,524,1120,558,562,0,10,4,1,0.5,0.5
261,-237.69999999999945,525,1113,541,572,0,20,4,1,0.5,0.5
262,-124.30000000000028,527,1111,579,532,0,30,4,1,0.5,0.5
263,-124.30000000000028,527,1111,579,532,0,40,4,1,0.5,0.5
264,-124.30000000000028,527,1111,579,532,0,50,4,1,0.5,0.5
265,-265.69999999999953,498,1098,510,588,0,10,6,1,0.5,0.5
266,-163.69999999999968,520,1108,554,554,0,20,6,1,0.5,0.5
267,-483.8999999999993,516,1114,530,584,0,30,6,1,0.5,0.5
268,-483.8999999999993,516,1114,530,584,0,40,6,1,0.5,0.5
269,-483.8999999999993,516,1114,530,584,0,50,6,1,0.5,0.5
270,-197.8,522,1132,542,590,0,10,2,2,0.5,0.5
271,52.600000000000435,542,1133,533,600,0,20,2,2,0.5,0.5
272,-53.19999999999992,539,1122,565,557,0,30,2,2,0.5,0.5
273,-53.19999999999992,539,1122,565,557,0,40,2,2,0.5,0.5
274,-53.19999999999992,539,1122,565,557,0,50,2,2,0.5,0.5
275,-319.19999999999914,507,1109,526,583,0,10,4,2,0.5,0.5
276,175.59999999999982,535,1111,552,559,0,20,4,2,0.5,0.5
277,-38.499999999999616,524,1111,577,534,0,30,4,2,0.5,0.5
278,-38.499999999999616,524,1111,577,534,0,40,4,2,0.5,0.5
279,-38.499999999999616,524,1111,577,534,0,50,4,2,0.5,0.5
280,-394.1,476,1099,509,590,0,10,6,2,0.5,0.5
281,-504.7999999999994,499,1104,533,571,0,20,6,2,0.5,0.5
282,125.30000000000001,512,1084,507,577,0,30,6,2,0.5,0.5
283,125.30000000000001,512,1084,507,577,0,40,6,2,0.5,0.5
284,125.30000000000001,512,1084,507,577,0,50,6,2,0.5,0.5
285,-10.599999999999682,529,1134,566,568,0,10,2,3,0.5,0.5
286,5.30000000000031,520,1119,532,587,0,20,2,3,0.5,0.5
287,-147.1999999999999,508,1115,535,580,0,30,2,3,0.5,0.5
288,-147.1999999999999,508,1115,535,580,0,40,2,3,0.5,0.5
289,-147.1999999999999,508,1115,535,580,0,50,2,3,0.5,0.5
290,199.20000000000024,520,1095,536,559,0,10,4,3,0.5,0.5
291,169.50000000000009,533,1122,549,573,0,20,4,3,0.5,0.5
292,211.70000000000005,529,1117,531,586,0,30,4,3,0.5,0.5
293,211.70000000000005,529,1117,531,586,0,40,4,3,0.5,0.5
294,211.70000000000005,529,1117,531,586,0,50,4,3,0.5,0.5
295,33.59999999999996,505,1113,558,555,0,10,6,3,0.5,0.5
296,-116.39999999999993,505,1124,493,631,0,20,6,3,0.5,0.5
297,-667.8,467,1106,516,590,0,30,6,3,0.5,0.5
298,-667.8,467,1106,516,590,0,40,6,3,0.5,0.5
299,-667.8,467,1106,516,590,0,50,6,3,0.5,0.5
300,-223.90000000000006,523,1119,544,575,0,10,2,0,0.75,0.5
301,-328.59999999999945,548,1129,585,544,0,20,2,0,0.75,0.5
302,-386.7999999999999,560,1135,604,531,0,30,2,0,0.75,0.5
303,-517.0999999999999,554,1134,607,527,0,40,2,0,0.75,0.5
304,-517.0999999999999,554,1134,607,527,0,50,2,0,0.75,0.5
305,-244.10000000000022,524,1119,509,610,0,10,4,0,0.75,0.5
306,-246.5000000000002,547,1127,560,567,0,20,4,0,0.75,0.5
307,-156.39999999999995,562,1128,527,601,0,30,4,0,0.75,0.5
308,-340.5000000000001,559,1124,557,567,0,40,4,0,0.75,0.5
309,-340.5000000000001,559,1124,557,567,0,50,4,0,0.75,0.5
310,-552.3999999999997,486,1095,549,546,0,10,6,0,0.75,0.5
311,143.69999999999965,560,1138,567,571,0,20,6,0,0.75,0.5
312,-109.89999999999989,542,1128,553,575,0,30,6,0,0.75,0.5
313,-155.5000000000001,542,1135,549,586,0,40,6,0,0.75,0.5
314,-155.5000000000001,542,1135,549,586,0,50,6,0,0.75,0.5
315,49.50000000000017,533,1113,557,556,0,10,2,1,0.75,0.5
316,-465.29999999999956,547,1132,582,550,0,20,2,1,0.75,0.5
317,-314.50000000000017,533,1115,554,561,0,30,2,1,0.75,0.5
318,-303.2999999999997,560,1121,566,555,0,40,2,1,0.75,0.5
319,-303.2999999999997,560,1121,566,555,0,50,2,1,0.75,0.5
320,-170.3999999999999,534,1109,512,597,0,10,4,1,0.75,0.5
321,6.699999999999875,545,1130,546,584,0,20,4,1,0.75,0.5
322,-5.5999999999997865,544,1118,549,569,0,30,4,1,0.75,0.5
323,-66.79999999999997,550,1131,564,567,0,40,4,1,0.75,0.5
324,-66.79999999999997,550,1131,564,567,0,50,4,1,0.75,0.5
325,-242.99999999999991,509,1099,519,580,0,10,6,1,0.75,0.5
326,-120.59999999999988,538,1118,552,566,0,20,6,1,0.75,0.5
327,-25.70000000000001,543,1102,568,534,0,30,6,1,0.75,0.5
328,-25.70000000000001,543,1102,568,534,0,40,6,1,0.75,0.5
329,-25.70000000000001,543,1102,568,534,0,50,6,1,0.75,0.5
330,-122.70000000000007,527,1128,546,582,0,10,2,2,0.75,0.5
331,-496.9000000000001,516,1128,564,564,0,20,2,2,0.75,0.5
332,-108.19999999999996,532,1121,531,590,0,30,2,2,0.75,0.5
333,-174.69999999999985,527,1132,538,594,0,40,2,2,0.75,0.5
334,68.80000000000018,539,1132,531,601,0,50,2,2,0.75,0.5
335,140.99999999999997,529,1116,520,596,0,10,4,2,0.75,0.5
336,-118.19999999999939,530,1108,507,601,0,20,4,2,0.75,0.5
337,-495.9999999999994,532,1125,564,561,0,30,4,2,0.75,0.5
338,-592.3999999999996,525,1112,562,550,0,40,4,2,0.75,0.5
339,-592.3999999999996,525,1112,562,550,0,50,4,2,0.75,0.5
340,-300.2000000000003,519,1112,513,599,0,10,6,2,0.75,0.5
341,-334.7000000000001,525,1111,570,541,0,20,6,2,0.75,0.5
342,-282.30000000000035,513,1103,521,582,0,30,6,2,0.75,0.5
343,-337.5999999999998,502,1099,532,567,0,40,6,2,0.75,0.5
344,-337.5999999999998,502,1099,532,567,0,50,6,2,0.75,0.5
345,-211.00000000000014,503,1094,533,561,0,10,2,3,0.75,0.5
346,-546.3,511,1119,513,606,0,20,2,3,0.75,0.5
347,-329.4999999999998,520,1123,528,595,0,30,2,3,0.75,0.5
348,-370.1999999999995,513,1122,529,593,0,40,2,3,0.75,0.5
349,-370.1999999999995,513,1122,529,593,0,50,2,3,0.75,0.5
350,-290.0999999999998,513,1097,522,575,0,10,4,3,0.75,0.5
351,-469.3000000000004,526,1116,535,581,0,20,4,3,0.75,0.5
352,-136.2999999999999,531,1105,525,580,0,30,4,3,0.75,0.5
353,-498.3999999999999,512,1113,516,597,0,40,4,3,0.75,0.5
354,-498.3999999999999,512,1113,516,597,0,50,4,3,0.75,0.5
355,87.39999999999992,512,1090,542,548,0,10,6,3,0.75,0.5
356,-227.70000000000022,524,1122,572,550,0,20,6,3,0.75,0.5
357,-255.89999999999986,512,1113,537,576,0,30,6,3,0.75,0.5
358,-313.49999999999966,516,1103,539,564,0,40,6,3,0.75,0.5
359,-313.49999999999966,516,1103,539,564,0,50,6,3,0.75,0.5
360,-257.9999999999999,521,1134,513,621,0,10,2,0,0.25,0.75
361,270.5,574,1126,564,562,0,20,2,0,0.25,0.75
362,99.20000000000007,564,1130,547,583,0,30,2,0,0.25,0.75
363,99.20000000000007,564,1130,547,583,0,40,2,0,0.25,0.75
364,99.20000000000007,564,1130,547,583,0,50,2,0,0.25,0.75
365,-60.399999999999736,516,1133,481,652,0,10,4,0,0.25,0.75
366,-181.4999999999997,523,1114,503,611,0,20,4,0,0.25,0.75
367,-104.80000000000015,516,1113,497,616,0,30,4,0,0.25,0.75
368,-104.80000000000015,516,1113,497,616,0,40,4,0,0.25,0.75
369,-104.80000000000015,516,1113,497,616,0,50,4,0,0.25,0.75
370,-43.39999999999986,537,1115,490,625,0,10,6,0,0.25,0.75
371,29.600000000000023,522,1105,554,551,0,20,6,0,0.25,0.75
372,29.600000000000023,522,1105,554,551,0,30,6,0,0.25,0.75
373,29.600000000000023,522,1105,554,551,0,40,6,0,0.25,0.75
374,29.600000000000023,522,1105,554,551,0,50,6,0,0.25,0.75
375,190.89999999999998,553,1139,535,604,0,10,2,1,0.25,0.75
376,-120.99999999999986,547,1120,588,532,0,20,2,1,0.25,0.75
377,-42.200000000000465,553,1133,576,557,0,30,2,1,0.25,0.75
378,-42.200000000000465,553,1133,576,557,0,40,2,1,0.25,0.75
379,-42.200000000000465,553,1133,576,557,0,50,2,1,0.25,0.75
380,-203.4999999999997,508,1123,556,567,0,10,4,1,0.25,0.75
381,173.3,521,1138,494,644,0,20,4,1,0.25,0.75
382,173.3,521,1138,494,644,0,30,4,1,0.25,0.75
383,173.3,521,1138,494,644,0,40,4,1,0.25,0.75
384,173.3,521,1138,494,644,0,50,4,1,0.25,0.75
385,-96.20000000000017,503,1089,482,607,0,10,6,1,0.25,0.75
386,-54.8000000000003,533,1125,506,619,0,20,6,1,0.25,0.75
387,-54.8000000000003,533,1125,506,619,0,30,6,1,0.25,0.75
388,-54.8000000000003,533,1125,506,619,0,40,6,1,0.25,0.75
389,-54.8000000000003,533,1125,506,619,0,50,6,1,0.25,0.75
390,-359.19999999999976,547,1139,549,590,0,10,2,2,0.25,0.75
391,-302.1999999999997,531,1142,497,645,0,20,2,2,0.25,0.75
392,-302.1999999999997,531,1142,497,645,0,30,2,2,0.25,0.75
393,-302.1999999999997,531,1142,497,645,0,40,2,2,0.25,0.75
394,-302.1999999999997,531,1142,497,645,0,50,2,2,0.25,0.75
395,-264.30000000000007,518,1127,488,639,0,10,4,2,0.25,0.75
396,-82.70000000000029,502,1116,487,629,0,20,4,2,0.25,0.75
397,91.59999999999977,506,1108,465,643,0,30,4,2,0.25,0.75
398,91.59999999999977,506,1108,465,643,0,40,4,2,0.25,0.75
399,91.59999999999977,506,1108,465,643,0,50,4,2,0.25,0.75
400,-442.69999999999953,500,1110,517,593,0,10,6,2,0.25,0.75
401,246.0000000000001,521,1121,493,628,0,20,6,2,0.25,0.75
402,246.0000000000001,521,1121,493,628,0,30,6,2,0.25,0.75
403,246.0000000000001,521,1121,493,628,0,40,6,2,0.25,0.75
404,246.0000000000001,521,1121,493,628,0,50,6,2,0.25,0.75
405,-312.9000000000001,521,1132,533,599,0,10,2,3,0.25,0.75
406,-115.69999999999985,530,1137,491,646,0,20,2,3,0.25,0.75
407,-115.69999999999985,530,1137,491,646,0,30,2,3,0.25,0.75
408,-115.69999999999985,530,1137,491,646,0,40,2,3,0.25,0.75
409,-115.69999999999985,530,1137,491,646,0,50,2,3,0.25,0.75
410,-101.70000000000023,500,1103,479,624,0,10,4,3,0.25,0.75
411,-186.1000000000002,514,1097,513,584,0,20,4,3,0.25,0.75
412,-186.1000000000002,514,1097,513,584,0,30,4,3,0.25,0.75
413,-186.1000000000002,514,1097,513,584,0,40,4,3,0.25,0.75
414,-186.1000000000002,514,1097,513,584,0,50,4,3,0.25,0.75
415,93.2999999999999,532,1105,528,577,0,10,6,3,0.25,0.75
416,-313.8999999999999,512,1099,505,594,0,20,6,3,0.25,0.75
417,-313.8999999999999,512,1099,505,594,0,30,6,3,0.25,0.75
418,-313.8999999999999,512,1099,505,594,0,40,6,3,0.25,0.75
419,-313.8999999999999,512,1099,505,594,0,50,6,3,0.25,0.75
420,-695.5999999999999,525,1116,503,613,0,10,2,0,0.5,0.75
421,-190.1,568,1120,584,536,0,20,2,0,0.5,0.75
422,-241.7999999999997,562,1134,576,558,0,30,2,0,0.5,0.75
423,79.4000000000002,585,1126,620,506,0,40,2,0,0.5,0.75
424,79.4000000000002,585,1126,620,506,0,50,2,0,0.5,0.75
425,21.80000000000028,548,1123,513,610,0,10,4,0,0.5,0.75
426,-155.90000000000012,546,1130,513,617,0,20,4,0,0.5,0.75
427,-573.5999999999995,536,1115,520,595,0,30,4,0,0.5,0.75
428,-186.99999999999963,540,1117,486,631,0,40,4,0,0.5,0.75
429,-186.99999999999963,540,1117,486,631,0,50,4,0,0.5,0.75
430,-125.60000000000016,519,1109,530,579,0,10,6,0,0.5,0.75
431,-1.5000000000000053,550,1129,494,635,0,20,6,0,0.5,0.75
432,7.899999999999885,522,1125,477,648,0,30,6,0,0.5,0.75
433,7.899999999999885,522,1125,477,648,0,40,6,0,0.5,0.75
434,7.899999999999885,522,1125,477,648,0,50,6,0,0.5,0.75
435,-541.0999999999989,541,1129,540,589,0,10,2,1,0.5,0.75
436,16.69999999999972,572,1148,540,608,0,20,2,1,0.5,0.75
437,-153.1000000000004,564,1140,558,582,0,30,2,1,0.5,0.75
438,-153.1000000000004,564,1140,558,582,0,40,2,1,0.5,0.75
439,-153.1000000000004,564,1140,558,582,0,50,2,1,0.5,0.75
440,-142.4000000000003,531,1125,554,571,0,10,4,1,0.5,0.75
441,-185.80000000000013,575,1141,564,577,0,20,4,1,0.5,0.75
442,-130.59999999999957,538,1132,531,601,0,30,4,1,0.5,0.75
443,-130.59999999999957,538,1132,531,601,0,40,4,1,0.5,0.75
444,-130.59999999999957,538,1132,531,601,0,50,4,1,0.5,0.75
445,-662.7999999999993,504,1129,508,621,0,10,6,1,0.5,0.75
446,-314.1999999999996,522,1105,498,607,0,20,6,1,0.5,0.75
447,-362.8000000000001,519,1100,516,584,0,30,6,1,0.5,0.75
448,-362.8000000000001,519,1100,516,584,0,40,6,1,0.5,0.75
449,-362.8000000000001,519,1100,516,584,0,50,6,1,0.5,0.75
450,-327.5999999999997,520,1091,529,562,0,10,2,2,0.5,0.75
451,300.39999999999986,553,1120,542,578,0,20,2,2,0.5,0.75
452,-190.90000000000006,551,1131,544,587,0,30,2,2,0.5,0.75
453,-190.90000000000006,551,1131,544,587,0,40,2,2,0.5,0.75
454,-190.90000000000006,551,1131,544,587,0,50,2,2,0.5,0.75
455,-232.1000000000003,532,1120,522,598,0,10,4,2,0.5,0.75
456,-324.70000000000033,531,1117,575,542,0,20,4,2,0.5,0.75
457,-24.19999999999986,550,1136,554,582,0,30,4,2,0.5,0.75
458,-24.19999999999986,550,1136,554,582,0,40,4,2,0.5,0.75
459,-24.19999999999986,550,1136,554,582,0,50,4,2,0.5,0.75
460,-727.4,530,1121,515,606,0,10,6,2,0.5,0.75
461,388.9000000000002,540,1116,502,614,0,20,6,2,0.5,0.75
462,-165.6999999999998,519,1118,478,640,0,30,6,2,0.5,0.75
463,-165.6999999999998,519,1118,478,640,0,40,6,2,0.5,0.75
464,-165.6999999999998,519,1118,478,640,0,50,6,2,0.5,0.75
465,-409.29999999999905,529,1130,556,574,0,10,2,3,0.5,0.75
466,291.5999999999996,566,1123,544,579,0,20,2,3,0.5,0.75
467,98.89999999999986,548,1130,499,631,0,30,2,3,0.5,0.75
468,19.399999999999906,528,1127,490,637,0,40,2,3,0.5,0.75
469,19.399999999999906,528,1127,490,637,0,50,2,3,0.5,0.75
470,-216.3000000000002,520,1107,497,610,0,10,4,3,0.5,0.75
471,-492.29999999999984,514,1112,490,622,0,20,4,3,0.5,0.75
472,-104.5000000000004,528,1109,492,617,0,30,4,3,0.5,0.75
473,-104.5000000000004,528,1109,492,617,0,40,4,3,0.5,0.75
474,-104.5000000000004,528,1109,492,617,0,50,4,3,0.5,0.75
475,-175.69999999999987,520,1096,486,610,0,10,6,3,0.5,0.75
476,-121.50000000000006,520,1134,519,615,0,20,6,3,0.5,0.75
477,-355.39999999999975,509,1108,497,611,0,30,6,3,0.5,0.75
478,-355.39999999999975,509,1108,497,611,0,40,6,3,0.5,0.75
479,-355.39999999999975,509,1108,497,611,0,50,6,3,0.5,0.75
480,-709.1999999999999,540,1128,541,587,0,10,2,0,0.75,0.75
481,-258.8999999999995,586,1135,599,536,0,20,2,0,0.75,0.75
482,-580.0999999999996,581,1146,631,515,0,30,2,0,0.75,0.75
483,-211.99999999999991,591,1148,621,527,0,40,2,0,0.75,0.75
484,-379.4999999999993,578,1135,603,532,0,50,2,0,0.75,0.75
485,-416.0999999999996,544,1121,542,579,0,10,4,0,0.75,0.75
486,-457.19999999999976,578,1132,589,543,0,20,4,0,0.75,0.75
487,-423.6000000000002,570,1128,597,531,0,30,4,0,0.75,0.75
488,-423.6000000000002,570,1128,597,531,0,40,4,0,0.75,0.75
489,-423.6000000000002,570,1128,597,531,0,50,4,0,0.75,0.75
490,-250.69999999999987,542,1121,517,604,0,10,6,0,0.75,0.75
491,-192.1000000000002,564,1123,558,565,0,20,6,0,0.75,0.75
492,-539.9999999999999,544,1124,531,593,0,30,6,0,0.75,0.75
493,-201.89999999999964,556,1121,539,582,0,40,6,0,0.75,0.75
494,-201.89999999999964,556,1121,539,582,0,50,6,0,0.75,0.75
495,-518.7999999999988,539,1123,557,566,0,10,2,1,0.75,0.75
496,-424.60000000000036,582,1142,595,547,0,20,2,1,0.75,0.75
497,-95.30000000000014,590,1129,599,530,0,30,2,1,0.75,0.75
498,-356.9000000000001,573,1134,593,541,0,40,2,1,0.75,0.75
499,-356.9000000000001,573,1134,593,541,0,50,2,1,0.75,0.75
500,-758.7999999999996,519,1113,558,555,0,10,4,1,0.75,0.75
501,-176.4000000000001,553,1128,554,574,0,20,4,1,0.75,0.75
502,-326.4000000000001,538,1113,547,566,0,30,4,1,0.75,0.75
503,-550.5,539,1124,556,568,0,40,4,1,0.75,0.75
504,-550.5,539,1124,556,568,0,50,4,1,0.75,0.75
505,-473.2000000000006,534,1110,536,574,0,10,6,1,0.75,0.75
506,-538.1999999999999,536,1131,540,591,0,20,6,1,0.75,0.75
507,-368.9000000000001,543,1120,512,608,0,30,6,1,0.75,0.75
508,-518.2000000000004,528,1124,511,613,0,40,6,1,0.75,0.75
509,-518.2000000000004,528,1124,511,613,0,50,6,1,0.75,0.75
510,-252.7999999999996,540,1127,533,594,0,10,2,2,0.75,0.75
511,-468.79999999999956,541,1136,531,605,0,20,2,2,0.75,0.75
512,-431.69999999999953,533,1120,580,540,0,30,2,2,0.75,0.75
513,-176.0999999999998,548,1115,587,528,0,40,2,2,0.75,0.75
514,-176.0999999999998,548,1115,587,528,0,50,2,2,0.75,0.75
515,-562.8999999999999,524,1120,513,607,0,10,4,2,0.75,0.75
516,-656.9,538,1129,566,563,0,20,4,2,0.75,0.75
517,-120.0999999999998,557,1130,540,590,0,30,4,2,0.75,0.75
518,-181.39999999999972,562,1126,567,559,0,40,4,2,0.75,0.75
519,-181.39999999999972,562,1126,567,559,0,50,4,2,0.75,0.75
520,-278.5999999999999,532,1109,542,567,0,10,6,2,0.75,0.75
521,-563.9999999999992,525,1121,539,582,0,20,6,2,0.75,0.75
522,-456.5999999999997,538,1114,535,579,0,30,6,2,0.75,0.75
523,-456.5999999999997,538,1114,535,579,0,40,6,2,0.75,0.75
524,-456.5999999999997,538,1114,535,579,0,50,6,2,0.75,0.75
525,-76.40000000000036,533,1117,540,577,0,10,2,3,0.75,0.75
526,94.30000000000001,541,1119,512,607,0,20,2,3,0.75,0.75
527,-367.0,551,1141,557,584,0,30,2,3,0.75,0.75
528,-367.0,551,1141,557,584,0,40,2,3,0.75,0.75
529,-367.0,551,1141,557,584,0,50,2,3,0.75,0.75
530,-246.2000000000002,513,1102,520,582,0,10,4,3,0.75,0.75
531,-187.7000000000001,553,1127,561,566,0,20,4,3,0.75,0.75
532,-375.6999999999998,525,1117,524,593,0,30,4,3,0.75,0.75
533,-375.6999999999998,525,1117,524,593,0,40,4,3,0.75,0.75
534,-375.6999999999998,525,1117,524,593,0,50,4,3,0.75,0.75
535,-775.7,512,1113,554,559,0,10,6,3,0.75,0.75
536,-289.6999999999998,537,1108,544,564,0,20,6,3,0.75,0.75
537,58.099999999999795,546,1103,554,549,0,30,6,3,0.75,0.75
538,58.099999999999795,546,1103,554,549,0,40,6,3,0.75,0.75
539,58.099999999999795,546,1103,554,549,0,50,6,3,0.75,0.75
540,-178.99999999999977,549,1143,505,638,0,10,2,0,0.25,1
541,-900.5999999999997,544,1150,545,605,0,20,2,0,0.25,1
542,-239.80000000000007,544,1139,553,586,0,30,2,0,0.25,1
543,-239.80000000000007,544,1139,553,586,0,40,2,0,0.25,1
544,-239.80000000000007,544,1139,553,586,0,50,2,0,0.25,1
545,259.59999999999974,542,1109,531,578,0,10,4,0,0.25,1
546,-544.2999999999998,511,1106,512,594,0,20,4,0,0.25,1
547,-544.2999999999998,511,1106,512,594,0,30,4,0,0.25,1
548,-544.2999999999998,511,1106,512,594,0,40,4,0,0.25,1
549,-544.2999999999998,511,1106,512,594,0,50,4,0,0.25,1
550,-235.7999999999995,498,1124,468,656,0,10,6,0,0.25,1
551,-645.9000000000002,499,1120,480,640,0,20,6,0,0.25,1
552,-645.9000000000002,499,1120,480,640,0,30,6,0,0.25,1
553,-645.9000000000002,499,1120,480,640,0,40,6,0,0.25,1
554,-645.9000000000002,499,1120,480,640,0,50,6,0,0.25,1
555,-698.8000000000002,533,1141,539,602,0,10,2,1,0.25,1
556,-169.10000000000034,550,1153,496,657,0,20,2,1,0.25,1
557,-624.6999999999994,539,1148,542,606,0,30,2,1,0.25,1
558,-624.6999999999994,539,1148,542,606,0,40,2,1,0.25,1
559,-624.6999999999994,539,1148,542,606,0,50,2,1,0.25,1
560,-345.3000000000001,507,1135,506,629,0,10,4,1,0.25,1
561,-412.7000000000003,500,1134,474,660,0,20,4,1,0.25,1
562,-412.7000000000003,500,1134,474,660,0,30,4,1,0.25,1
563,-412.7000000000003,500,1134,474,660,0,40,4,1,0.25,1
564,-412.7000000000003,500,1134,474,660,0,50,4,1,0.25,1
565,-372.3999999999995,507,1116,473,643,0,10,6,1,0.25,1
566,-270.50000000000017,526,1119,523,596,0,20,6,1,0.25,1
567,-270.50000000000017,526,1119,523,596,0,30,6,1,0.25,1
568,-270.50000000000017,526,1119,523,596,0,40,6,1,0.25,1
569,-270.50000000000017,526,1119,523,596,0,50,6,1,0.25,1
570,-896.8999999999997,521,1139,530,609,0,10,2,2,0.25,1
571,-404.3999999999995,542,1134,525,609,0,20,2,2,0.25,1
572,-130.20000000000027,551,1133,495,638,0,30,2,2,0.25,1
573,-130.20000000000027,551,1133,495,638,0,40,2,2,0.25,1
574,-130.20000000000027,551,1133,495,638,0,50,2,2,0.25,1
575,-637.0999999999996,495,1108,488,620,0,10,4,2,0.25,1
576,-403.3,525,1122,474,648,0,20,4,2,0.25,1
577,-403.3,525,1122,474,648,0,30,4,2,0.25,1
578,-403.3,525,1122,474,648,0,40,4,2,0.25,1
579,-403.3,525,1122,474,648,0,50,4,2,0.25,1
580,-276.09999999999985,520,1135,490,645,0,10,6,2,0.25,1
581,-126.49999999999993,504,1108,486,622,0,20,6,2,0.25,1
582,-126.49999999999993,504,1108,486,622,0,30,6,2,0.25,1
583,-126.49999999999993,504,1108,486,622,0,40,6,2,0.25,1
584,-126.49999999999993,504,1108,486,622,0,50,6,2,0.25,1
585,-66.70000000000007,539,1139,491,648,0,10,2,3,0.25,1
586,-1310.9999999999993,481,1123,525,598,0,20,2,3,0.25,1
587,-565.8000000000001,522,1119,507,612,0,30,2,3,0.25,1
588,-565.8000000000001,522,1119,507,612,0,40,2,3,0.25,1
589,-565.8000000000001,522,1119,507,612,0,50,2,3,0.25,1
590,-322.80000000000007,512,1122,512,610,0,10,4,3,0.25,1
591,-760.2999999999996,504,1135,511,624,0,20,4,3,0.25,1
592,-152.20000000000007,544,1140,537,603,0,30,4,3,0.25,1
593,-152.20000000000007,544,1140,537,603,0,40,4,3,0.25,1
594,-152.20000000000007,544,1140,537,603,0,50,4,3,0.25,1
595,-190.00000000000034,528,1127,525,602,0,10,6,3,0.25,1
596,-391.59999999999934,523,1130,499,631,0,20,6,3,0.25,1
597,-391.59999999999934,523,1130,499,631,0,30,6,3,0.25,1
598,-391.59999999999934,523,1130,499,631,0,40,6,3,0.25,1
599,-391.59999999999934,523,1130,499,631,0,50,6,3,0.25,1
600,-264.09999999999934,548,1130,600,530,0,10,2,0,0.5,1
601,-427.299999999999,559,1127,592,535,0,20,2,0,0.5,1
602,-528.6999999999992,565,1143,611,532,0,30,2,0,0.5,1
603,-528.6999999999992,565,1143,611,532,0,40,2,0,0.5,1
604,-528.6999999999992,565,1143,611,532,0,50,2,0,0.5,1
605,-476.0999999999997,540,1119,538,581,0,10,4,0,0.5,1
606,-135.99999999999991,558,1120,578,542,0,20,4,0,0.5,1
607,-45.2,569,1116,608,508,0,30,4,0,0.5,1
608,-45.2,569,1116,608,508,0,40,4,0,0.5,1
609,-45.2,569,1116,608,508,0,50,4,0,0.5,1
610,172.4000000000003,545,1116,558,558,0,10,6,0,0.5,1
611,61.39999999999978,543,1135,504,631,0,20,6,0,0.5,1
612,179.89999999999975,550,1127,524,603,0,30,6,0,0.5,1
613,179.89999999999975,550,1127,524,603,0,40,6,0,0.5,1
614,179.89999999999975,550,1127,524,603,0,50,6,0,0.5,1
615,-22.70000000000025,551,1109,619,490,0,10,2,1,0.5,1
616,61.59999999999997,558,1140,593,547,0,20,2,1,0.5,1
617,1.7000000000006352,580,1147,620,527,0,30,2,1,0.5,1
618,1.7000000000006352,580,1147,620,527,0,40,2,1,0.5,1
619,1.7000000000006352,580,1147,620,527,0,50,2,1,0.5,1
620,-371.70000000000005,550,1140,522,618,0,10,4,1,0.5,1
621,-175.80000000000024,560,1127,562,565,0,20,4,1,0.5,1
622,19.499999999999822,562,1127,555,572,0,30,4,1,0.5,1
623,19.499999999999822,562,1127,555,572,0,40,4,1,0.5,1
624,19.499999999999822,562,1127,555,572,0,50,4,1,0.5,1
625,-15.300000000000146,512,1093,516,577,0,10,6,1,0.5,1
626,-273.5000000000002,533,1125,542,583,0,20,6,1,0.5,1
627,-552.8999999999996,539,1142,561,581,0,30,6,1,0.5,1
628,-552.8999999999996,539,1142,561,581,0,40,6,1,0.5,1
629,-552.8999999999996,539,1142,561,581,0,50,6,1,0.5,1
630,760.0000000000006,583,1123,565,558,0,10,2,2,0.5,1
631,-414.10000000000036,550,1127,589,538,0,20,2,2,0.5,1
632,-228.29999999999987,558,1136,560,576,0,30,2,2,0.5,1
633,-228.29999999999987,558,1136,560,576,0,40,2,2,0.5,1
634,-228.29999999999987,558,1136,560,576,0,50,2,2,0.5,1
635,-633.9999999999997,520,1124,561,563,0,10,4,2,0.5,1
636,-326.7000000000003,535,1120,556,564,0,20,4,2,0.5,1
637,-182.60000000000002,546,1131,551,580,0,30,4,2,0.5,1
638,-182.60000000000002,546,1131,551,580,0,40,4,2,0.5,1
639,-182.60000000000002,546,1131,551,580,0,50,4,2,0.5,1
640,-624.7999999999994,507,1116,507,609,0,10,6,2,0.5,1
641,-291.0999999999998,536,1115,544,571,0,20,6,2,0.5,1
642,-247.90000000000012,545,1130,604,526,0,30,6,2,0.5,1
643,-247.90000000000012,545,1130,604,526,0,40,6,2,0.5,1
644,-247.90000000000012,545,1130,604,526,0,50,6,2,0.5,1
645,-132.40000000000006,542,1126,534,592,0,10,2,3,0.5,1
646,-655.8999999999995,525,1133,563,570,0,20,2,3,0.5,1
647,-298.00000000000045,542,1136,575,561,0,30,2,3,0.5,1
648,-298.00000000000045,542,1136,575,561,0,40,2,3,0.5,1
649,-298.00000000000045,542,1136,575,561,0,50,2,3,0.5,1
650,-502.99999999999847,532,1120,504,616,0,10,4,3,0.5,1
651,-568.7999999999998,528,1129,541,588,0,20,4,3,0.5,1
652,-343.59999999999957,547,1119,545,574,0,30,4,3,0.5,1
653,-343.59999999999957,547,1119,545,574,0,40,4,3,0.5,1
654,-343.59999999999957,547,1119,545,574,0,50,4,3,0.5,1
655,-225.40000000000012,519,1125,506,619,0,10,6,3,0.5,1
656,-350.4999999999999,518,1123,515,608,0,20,6,3,0.5,1
657,-249.69999999999976,533,1112,542,570,0,30,6,3,0.5,1
658,-249.69999999999976,533,1112,542,570,0,40,6,3,0.5,1
659,-249.69999999999976,533,1112,542,570,0,50,6,3,0.5,1
660,-100.20000000000059,565,1127,560,567,0,10,2,0,0.75,1
661,-46.50000000000017,608,1163,627,536,0,20,2,0,0.75,1
662,-403.1999999999994,581,1144,614,530,0,30,2,0,0.75,1
663,-540.7999999999998,565,1149,631,518,0,40,2,0,0.75,1
664,-540.7999999999998,565,1149,631,518,0,50,2,0,0.75,1
665,-332.20000000000005,546,1127,550,577,0,10,4,0,0.75,1
666,-622.3000000000004,568,1147,604,543,0,20,4,0,0.75,1
667,-349.4999999999993,591,1156,601,555,0,30,4,0,0.75,1
668,-351.59999999999997,585,1140,590,550,0,40,4,0,0.75,1
669,-351.59999999999997,585,1140,590,550,0,50,4,0,0.75,1
670,-301.4000000000001,533,1119,564,555,0,10,6,0,0.75,1
671,-249.50000000000045,547,1124,542,582,0,20,6,0,0.75,1
672,107.69999999999968,568,1139,556,583,0,30,6,0,0.75,1
673,-355.2999999999994,557,1122,576,546,0,40,6,0,0.75,1
674,-355.2999999999994,557,1122,576,546,0,50,6,0,0.75,1
675,-87.69999999999928,552,1119,547,572,0,10,2,1,0.75,1
676,31.20000000000006,603,1138,635,503,0,20,2,1,0.75,1
677,-240.5000000000001,586,1138,597,541,0,30,2,1,0.75,1
678,-12.100000000000222,591,1134,617,517,0,40,2,1,0.75,1
679,-12.100000000000222,591,1134,617,517,0,50,2,1,0.75,1
680,-67.00000000000028,534,1102,546,556,0,10,4,1,0.75,1
681,-441.79999999999995,568,1130,578,552,0,20,4,1,0.75,1
682,61.29999999999951,587,1133,585,548,0,30,4,1,0.75,1
683,-229.2,581,1136,582,554,0,40,4,1,0.75,1
684,-229.2,581,1136,582,554,0,50,4,1,0.75,1
685,-282.4,528,1119,524,595,0,10,6,1,0.75,1
686,-366.4999999999997,542,1125,550,575,0,20,6,1,0.75,1
687,-569.7999999999993,542,1135,564,571,0,30,6,1,0.75,1
688,-535.3999999999995,531,1128,544,584,0,40,6,1,0.75,1
689,-535.3999999999995,531,1128,544,584,0,50,6,1,0.75,1
690,-333.5999999999999,544,1123,566,557,0,10,2,2,0.75,1
691,-188.50000000000023,573,1132,590,542,0,20,2,2,0.75,1
692,29.79999999999992,575,1137,612,525,0,30,2,2,0.75,1
693,-165.69999999999982,558,1110,609,501,0,40,2,2,0.75,1
694,-165.69999999999982,558,1110,609,501,0,50,2,2,0.75,1
695,-373.10000000000014,538,1122,559,563,0,10,4,2,0.75,1
696,-282.40000000000015,551,1143,510,633,0,20,4,2,0.75,1
697,-68.39999999999998,580,1151,574,577,0,30,4,2,0.75,1
698,201.39999999999995,586,1148,572,576,0,40,4,2,0.75,1
699,201.39999999999995,586,1148,572,576,0,50,4,2,0.75,1
700,-689.6999999999999,520,1116,534,582,0,10,6,2,0.75,1
701,-218.50000000000006,548,1124,557,567,0,20,6,2,0.75,1
702,193.79999999999998,582,1132,599,533,0,30,6,2,0.75,1
703,193.79999999999998,582,1132,599,533,0,40,6,2,0.75,1
704,193.79999999999998,582,1132,599,533,0,50,6,2,0.75,1
705,-70.99999999999996,536,1125,564,561,0,10,2,3,0.75,1
706,-176.40000000000032,543,1115,542,573,0,20,2,3,0.75,1
707,-319.0999999999991,536,1117,587,530,0,30,2,3,0.75,1
708,-427.3999999999994,540,1128,615,513,0,40,2,3,0.75,1
709,-427.3999999999994,540,1128,615,513,0,50,2,3,0.75,1
710,-452.20000000000005,525,1121,535,586,0,10,4,3,0.75,1
711,-200.29999999999995,537,1102,521,581,0,20,4,3,0.75,1
712,-327.1999999999998,536,1121,572,549,0,30,4,3,0.75,1
713,-327.1999999999998,536,1121,572,549,0,40,4,3,0.75,1
714,-327.1999999999998,536,1121,572,549,0,50,4,3,0.75,1
715,38.19999999999985,539,1128,518,610,0,10,6,3,0.75,1
716,105.79999999999995,570,1141,548,593,0,20,6,3,0.75,1
717,22.599999999999923,537,1115,506,609,0,30,6,3,0.75,1
718,-237.50000000000028,542,1129,528,601,0,40,6,3,0.75,1
719,-237.50000000000028,542,1129,528,601,0,50,6,3,0.75,1
